epoch,capsnet_accuracy,capsnet_loss,decoder_loss,loss,val_capsnet_accuracy,val_capsnet_loss,val_decoder_loss,val_loss
0,0.02708333358168602,0.8094297647476196,6025.09033203125,2362.644287109375,0.0,0.0,0.0,0.0
1,0.04270833358168602,0.8094298243522644,6225.9619140625,2441.386474609375,0.0,0.0,0.0,0.0
