epoch,capsnet_accuracy,capsnet_loss,decoder_loss,loss,val_capsnet_accuracy,val_capsnet_loss,val_decoder_loss,val_loss
0,0.06458333134651184,0.8427810668945312,891.820068359375,350.43634033203125,0.0625,0.6570716500282288,0.5027081370353699,0.8541331887245178
