epoch,capsnet_accuracy,capsnet_loss,decoder_loss,loss,val_capsnet_accuracy,val_capsnet_loss,val_decoder_loss,val_loss
0,0.04583333432674408,0.8094297051429749,6025.09033203125,2362.644287109375,0.0,0.0,0.0,0.0
1,0.04895833507180214,0.8094297051429749,6225.9619140625,2441.386474609375,0.0,0.0,0.0,0.0
2,0.04270833358168602,0.8094297051429749,6146.3046875,2410.1611328125,0.0,0.0,0.0,0.0
3,0.05104166641831398,0.8094297051429749,6067.4765625,2379.260009765625,0.0,0.0,0.0,0.0
4,0.04062499850988388,0.8094297051429749,6021.4990234375,2361.23681640625,0.0,0.0,0.0,0.0
5,0.05000000074505806,0.8094297051429749,5972.64892578125,2342.087646484375,0.0,0.0,0.0,0.0
